class,support,f1
aber,50,0.197802
abgeordneten,50,0.413043
alle,50,0.065217
allein,50,0.181818
allem,50,0.450980
allen,50,0.139535
aller,50,0.215054
allerdings,50,0.262626
alles,50,0.191489
also,50,0.077922
andere,50,0.126316
anderen,50,0.045455
anderes,50,0.379310
anders,50,0.279570
anfrage,50,0.518519
angesprochen,50,0.636364
anhörung,50,0.590476
antrag,50,0.258621
antwort,50,0.495050
arbeit,50,0.472727
arbeiten,50,0.467290
auch,50,0.288462
aufgabe,50,0.679245
aufgaben,50,0.729167
aufgrund,50,0.484211
ausbildung,50,0.709091
ausdrücklich,50,0.666667
ausschuss,50,0.576923
bedeutet,50,0.589474
beiden,50,0.350877
beim,50,0.461538
beispiel,50,0.704762
beispielsweise,50,0.680851
beitrag,50,0.508475
bekommen,50,0.500000
bereich,50,0.392857
bereits,50,0.403670
beschäftigten,50,0.840000
besonders,50,0.666667
besser,50,0.431034
besteht,50,0.461538
bildung,50,0.569106
bisher,50,0.458716
bisschen,50,0.375000
bitte,50,0.137255
bleiben,50,0.346154
bleibt,50,0.392157
blick,50,0.336842
brauchen,50,0.534653
braucht,50,0.446809
bringen,50,0.320755
bund,50,0.424779
bündnis,50,0.212766
bürger,50,0.422222
bürgerinnen,50,0.796296
dabei,50,0.275229
dafür,50,0.295455
dagegen,50,0.323232
daher,50,0.116279
damals,50,0.338983
damen,50,0.376068
damit,50,0.257426
dank,50,0.317460
danke,50,0.216667
dann,50,0.055556
daran,50,0.114286
darauf,50,0.366667
darf,50,0.288462
darum,50,0.500000
darüber,50,0.329897
dass,50,0.166667
davon,50,0.351852
dazu,50,0.222222
debatte,50,0.412698
demokraten,50,0.574074
demokratie,50,0.652632
denen,50,0.052632
denke,50,0.278261
denn,50,0.081081
deren,50,0.045455
deshalb,50,0.382609
deswegen,50,0.362319
deutlich,50,0.387755
deutschen,50,0.640777
deutschland,50,0.697248
diejenigen,50,0.271845
dies,50,0.142857
diese,50,0.048780
diesem,50,0.201835
diesen,50,0.083333
dieser,50,0.250000
dieses,50,0.076190
digitalisierung,50,0.700855
dinge,50,0.104167
diskussion,50,0.648148
diskutieren,50,0.291262
diskutiert,50,0.407080
doch,50,0.114943
dort,50,0.157895
drei,50,0.166667
drucksache,50,0.256000
durch,50,0.216216
durchaus,50,0.446809
dürfen,50,0.354167
eben,50,0.166667
eher,50,0.152174
eigenen,50,0.309091
eigentlich,50,0.177778
eine,50,0.028986
einem,50,0.193548
einen,50,0.035088
einer,50,0.189189
eines,50,0.181818
einfach,50,0.368932
einige,50,0.150538
einmal,50,0.071429
eltern,50,0.265306
ende,50,0.266667
endlich,50,0.313725
entscheidung,50,0.709091
entwicklung,50,0.649573
ergebnis,50,0.435484
erhalten,50,0.147541
erinnern,50,0.150000
ernst,50,0.228571
erreichen,50,0.338983
erst,50,0.105263
erste,50,0.112360
ersten,50,0.265306
etwa,50,0.320755
etwas,50,0.267857
europa,50,0.642202
europäischen,50,0.627451
fall,50,0.222222
falsch,50,0.591837
fast,50,0.277778
fest,50,0.260870
finde,50,0.370370
finden,50,0.211538
fordern,50,0.270270
form,50,0.627119
frage,50,0.345455
fragen,50,0.333333
fraktion,50,0.351648
fraktionen,50,0.407767
frankfurt,50,0.580000
frau,50,0.202020
frauen,50,0.660377
freien,50,0.561798
förderung,50,0.612613
führen,50,0.319149
fünf,50,0.420168
ganz,50,0.139535
ganze,50,0.163636
geben,50,0.138614
gebracht,50,0.448598
geehrte,50,0.450450
geehrten,50,0.417391
geehrter,50,0.324675
geführt,50,0.391304
gegeben,50,0.183673
gegen,50,0.064516
gegenüber,50,0.495238
gehen,50,0.086957
geht,50,0.058824
gehört,50,0.258824
geld,50,0.153846
gemacht,50,0.389381
gemeinsam,50,0.691589
gemeldet,50,0.305085
genau,50,0.424779
genauso,50,0.504854
gerade,50,0.133333
gern,50,0.054054
gerne,50,0.000000
gesagt,50,0.086022
geschaffen,50,0.540000
gesellschaft,50,0.678571
gesetz,50,0.225806
gesetzentwurf,50,0.509091
gesprochen,50,0.639175
gestellt,50,0.317757
getan,50,0.269231
gewesen,50,0.285714
geworden,50,0.410714
gibt,50,0.237288
gilt,50,0.028169
glaube,50,0.461538
gleich,50,0.148936
große,50,0.125000
großen,50,0.250000
grund,50,0.304348
grünen,50,0.212766
gute,50,0.261682
guten,50,0.300000
habe,50,0.136364
haben,50,0.183486
halten,50,0.153846
hatte,50,0.051948
hatten,50,0.117647
haus,50,0.214286
hause,50,0.476190
haushalt,50,0.627451
heißt,50,0.206186
herausforderungen,50,0.863158
herr,50,0.019802
herren,50,0.238095
herrn,50,0.062500
herzlichen,50,0.400000
hessen,50,0.148936
hessische,50,0.343434
hessischen,50,0.357143
heute,50,0.194175
hier,50,0.000000
hinaus,50,0.510204
hingewiesen,50,0.510204
hochschulen,50,0.725490
hätte,50,0.062500
hätten,50,0.053333
hören,50,0.169811
ihnen,50,0.025641
ihre,50,0.075000
ihrem,50,0.222222
ihren,50,0.098765
ihrer,50,0.073171
immer,50,0.224490
innenminister,50,0.622642
insbesondere,50,0.581395
insgesamt,50,0.525424
insofern,50,0.527473
investitionen,50,0.707965
jahr,50,0.266667
jahre,50,0.153846
jahren,50,0.181818
jede,50,0.068966
jeden,50,0.291667
jeder,50,0.109890
jetzt,50,0.033333
kann,50,0.000000
kein,50,0.171429
keine,50,0.162162
keinen,50,0.128205
kinder,50,0.203704
klar,50,0.104167
koalition,50,0.745098
kollege,50,0.282353
kollegen,50,0.320000
kollegin,50,0.292135
kolleginnen,50,0.642202
komme,50,0.400000
kommen,50,0.283019
kommt,50,0.288462
kommunalen,50,0.767677
kommunen,50,0.666667
kosten,50,0.446809
kurz,50,0.291667
können,50,0.148936
könnte,50,0.109890
könnten,50,0.157303
lage,50,0.326923
land,50,0.162791
landes,50,0.277778
landesregierung,50,0.545455
landtag,50,0.366972
lange,50,0.200000
lassen,50,0.123711
leben,50,0.226415
lehrer,50,0.495575
leider,50,0.145833
leisten,50,0.285714
lesung,50,0.446429
letzten,50,0.296296
liebe,50,0.576923
lieber,50,0.288660
liegen,50,0.126582
liegt,50,0.058824
linke,50,0.234043
linken,50,0.022222
länder,50,0.144144
ländlichen,50,0.693069
machen,50,0.282828
macht,50,0.206186
maßnahmen,50,0.693069
mehr,50,0.234043
meine,50,0.367347
meiner,50,0.270833
meinung,50,0.697248
menschen,50,0.608000
mich,50,0.229167
milliarden,50,0.482759
millionen,50,0.612613
minister,50,0.184874
ministerpräsident,50,0.574074
minuten,50,0.410714
mitarbeiter,50,0.672897
mittel,50,0.312500
muss,50,0.252101
möchte,50,0.208333
möglich,50,0.486957
möglichkeit,50,0.480000
möglichkeiten,50,0.475248
müssen,50,0.371134
nach,50,0.051948
natürlich,50,0.333333
nehmen,50,0.125000
nein,50,0.093023
neue,50,0.386364
neuen,50,0.204545
nicht,50,0.119048
nichts,50,0.061856
noch,50,0.125000
notwendig,50,0.683761
nutzen,50,0.296296
nächste,50,0.162162
nächsten,50,0.163636
nächster,50,0.371134
nämlich,50,0.128205
oder,50,0.200000
offensichtlich,50,0.673267
ohne,50,0.309091
opposition,50,0.836735
paar,50,0.162791
passiert,50,0.363636
politik,50,0.636364
politischen,50,0.772277
polizei,50,0.747664
problem,50,0.680000
probleme,50,0.693069
präsident,50,0.357724
präsidentin,50,0.408163
punkt,50,0.185567
punkte,50,0.288889
qualität,50,0.477064
rahmen,50,0.504673
raum,50,0.551724
recht,50,0.122449
rede,50,0.056604
reden,50,0.122449
redezeit,50,0.208000
redner,50,0.273504
regelung,50,0.421053
regierung,50,0.373984
richtig,50,0.135593
richtige,50,0.280992
richtung,50,0.339286
rock,50,0.269663
rund,50,0.257426
sache,50,0.229508
sage,50,0.150538
sagen,50,0.104167
sagt,50,0.091954
satz,50,0.106383
schaffen,50,0.560000
schauen,50,0.337349
schluss,50,0.256410
schnell,50,0.279570
schon,50,0.125000
schritt,50,0.454545
schule,50,0.403361
schulen,50,0.474227
schön,50,0.301075
schüler,50,0.555556
schülerinnen,50,0.808081
sehen,50,0.132075
sehr,50,0.094118
sein,50,0.073171
seine,50,0.158416
seiner,50,0.217822
seit,50,0.190476
seite,50,0.213115
selbst,50,0.363636
selbstverständlich,50,0.615385
setzen,50,0.245902
sich,50,0.000000
sicher,50,0.102041
sicherheit,50,0.568966
sicherlich,50,0.236559
sicht,50,0.362069
sieht,50,0.048193
sind,50,0.000000
sinne,50,0.457143
situation,50,0.673077
sogar,50,0.300885
solche,50,0.289157
solchen,50,0.307692
soll,50,0.103896
sollen,50,0.146341
sollte,50,0.225352
sollten,50,0.378947
sondern,50,0.262626
sonst,50,0.270270
sorgen,50,0.373626
sowie,50,0.247423
sozialen,50,0.542636
spdfraktion,50,0.387097
sprechen,50,0.423077
spricht,50,0.543689
staatsminister,50,0.569106
stadt,50,0.545455
statt,50,0.294737
stehen,50,0.294737
steht,50,0.113636
stelle,50,0.407407
stellen,50,0.192771
stellt,50,0.129870
stimmen,50,0.504348
stunde,50,0.404255
tagesordnungspunkt,50,0.349206
tatsächlich,50,0.418182
teil,50,0.176991
thema,50,0.424779
themen,50,0.162162
tragen,50,0.218182
trotzdem,50,0.509434
umsetzung,50,0.792453
union,50,0.452830
unser,50,0.208696
unsere,50,0.096154
unserem,50,0.568807
unseren,50,0.164706
unserer,50,0.224719
unseres,50,0.288660
unter,50,0.069767
unternehmen,50,0.648148
unterstützen,50,0.585859
unterstützung,50,0.701031
verantwortung,50,0.737864
verehrten,50,0.534483
verfahren,50,0.592593
verfassung,50,0.672727
verfügung,50,0.741573
vergangenen,50,0.543689
viel,50,0.173913
viele,50,0.297030
vielen,50,0.255319
vielleicht,50,0.280000
vielmehr,50,0.207547
vier,50,0.136364
vorschlag,50,0.616822
völlig,50,0.422018
waren,50,0.150000
warum,50,0.591304
weil,50,0.196078
weise,50,0.307692
weit,50,0.340426
weiter,50,0.197802
weitere,50,0.195652
weiteren,50,0.403509
weiterhin,50,0.404040
weiß,50,0.318182
welche,50,0.316832
welt,50,0.260870
wenig,50,0.294118
weniger,50,0.403509
wenn,50,0.169014
werde,50,0.058824
werden,50,0.208333
wichtig,50,0.283019
wichtige,50,0.500000
wieder,50,0.235294
will,50,0.145833
wird,50,0.027397
wirklich,50,0.252632
wirtschaft,50,0.622642
wissen,50,0.301075
wochen,50,0.547009
wohl,50,0.382022
wohnungen,50,0.692308
wollen,50,0.325581
worden,50,0.361702
wort,50,0.173913
wurde,50,0.148936
wurden,50,0.144578
während,50,0.234043
wäre,50,0.065934
würde,50,0.155556
würden,50,0.093023
zahl,50,0.179775
zahlen,50,0.153846
zehn,50,0.224490
zeigen,50,0.204082
zeigt,50,0.160000
zeit,50,0.077922
ziel,50,0.125000
zukunft,50,0.633333
zumindest,50,0.406780
zunächst,50,0.327273
zusammen,50,0.500000
zusammenhang,50,0.608696
zwar,50,0.252874
zwei,50,0.424242
zweite,50,0.298246
zweiten,50,0.416667
zwischen,50,0.343434
änderung,50,0.275229
änderungsantrag,50,0.523364
öffentlichen,50,0.522523
über,50,0.309278
überhaupt,50,0.727273
übrigens,50,0.526316
